,PropertyType,BedroomsTotal,City,DaysOnMarket,Flooring,Heating,State,Levels,LotSizeSquareFeet,OriginalListPrice,RoomsTotal,Stories,UnparsedAddress,YearBuilt,PostalCode,PoolPrivateYN,CityRegion,Latitude,GarageSpaces,AttachedGarageYN,TaxAnnualAmount,years old,Electric,Forced Air,Wood,Heat Pump,Boiler
89,Residential,1,Port Camillamouth,45,"['Hardwood', 'Laminate']","Boiler,Wood",New York,"['One Level', 'Two Level', 'Split Level']",991,275854,22,1,"#479 231 Amelie Fork Lodge, Port Camillamouth, North Carolina 89504",1989,89504,False,Demarcusville,33.915877,1,True,574263,34,0,0,1,0,1
104,Residential,3,Alysaport,96,"['Hardwood', 'Laminate', 'Vinyl']",Heat Pump,New York,"['One Level', 'Two Level', 'Split Level']",813,485247,15,1,"#914 148 Hertha Square Ridges, Alysaport, Kansas 95092",1970,95092,True,Port Adrienneview,33.975858,4,False,717506,53,0,0,0,1,0
106,Residential,2,Lake Helmer,100,"['Hardwood', 'Laminate', 'Vinyl', 'Tiles']","Wood,Electric,Forced Air",New York,"['One Level', 'Two Level', 'Split Level']",975,952545,16,1,,1998,65145,False,Bartelltown,34.030443,2,False,570925,25,1,1,1,0,0
152,Residential,1,Keelyberg,79,"['Hardwood', 'Laminate']","Heat Pump,Forced Air,Wood",New York,"['One Level', 'Two Level', 'Split Level']",1885,924135,7,1,"#139 337 Rosenbaum Glen Highway, Keelyberg, Kentucky 45565",1949,45565,True,North Ima,33.523103,2,True,244561,74,0,1,1,1,0
261,Residential,2,East Myrtisfurt,89,['Hardwood'],Boiler,New York,"['One Level', 'Two Level', 'Split Level', 'Three or More Level', 'Multi Level']",705,672314,18,1,"#195 76 Bosco Skyway Square, East Myrtisfurt, Ohio 57071",1999,57071,False,Rebecaburgh,34.296841,2,True,134438,24,0,0,0,0,1
264,Residential,2,Port Millerside,241,"['Hardwood', 'Laminate', 'Vinyl']",Heat Pump,New York,"['One Level', 'Two Level', 'Split Level']",674,882940,6,1,,2003,92375-4137,True,Lake Juston,33.993771,2,True,704130,20,0,0,0,1,0
322,Residential,1,Parisianmouth,238,"['Hardwood', 'Laminate', 'Vinyl']",Heat Pump,New York,"['One Level', 'Two Level', 'Split Level']",1628,929759,13,2,"#377 166 Leffler Lock Lane, Parisianmouth, Missouri 34350",2000,34350,False,Port Thomas,33.452358,4,True,983045,23,0,0,0,1,0
393,Residential,3,Lake Abnerberg,238,['Hardwood'],Heat Pump,New York,"['One Level', 'Two Level', 'Split Level', 'Three or More Level', 'Multi Level']",1951,643504,18,2,,1972,25017,False,Ernestshire,34.02734,2,False,867858,51,0,0,0,1,0
531,Residential,3,Lake Johannshire,363,"['Hardwood', 'Laminate', 'Vinyl', 'Tiles', 'Cork']","Forced Air,Wood,Electric",New York,"['One Level', 'Two Level']",1399,968748,15,2,,1995,39231-4247,True,Port Cordiastad,34.071993,2,True,821312,28,1,1,1,0,0
624,Residential,1,Alysaville,358,"['Hardwood', 'Laminate', 'Vinyl', 'Tiles', 'Cork', 'Rugs']","Heat Pump,Forced Air,Electric",New York,"['One Level', 'Two Level', 'Split Level']",612,470355,9,1,"#515 88 Morar Expressway Glen, Alysaville, Oklahoma 91917",1966,91917,False,Madilynside,34.135985,3,False,640595,57,1,1,0,1,0
643,Residential,1,Mertzchester,317,['Hardwood'],Forced Air,New York,"['One Level', 'Two Level', 'Split Level', 'Three or More Level', 'Multi Level']",1328,514922,6,2,,2012,92947-3954,False,Port Bruce,34.326865,3,False,302482,11,0,1,0,0,0
708,Residential,3,Lake Mackstad,260,"['Hardwood', 'Laminate']","Forced Air,Electric",New York,"['One Level', 'Two Level', 'Split Level']",1380,550819,3,2,"#780 85 Bradtke Lodge Branch, Lake Mackstad, Virginia 80169-8589",1979,80169-8589,False,Shieldsburgh,34.093635,4,True,581583,44,1,1,0,0,0
741,Residential,3,West Eduardofort,90,"['Hardwood', 'Laminate', 'Vinyl', 'Tiles', 'Cork', 'Rugs']",Forced Air,New York,"['One Level', 'Two Level', 'Split Level', 'Three or More Level', 'Multi Level']",1091,755835,24,1,,2008,56301-4627,True,Isobelchester,34.090827,1,True,878960,15,0,1,0,0,0
870,Residential,4,Port Sabina,306,"['Hardwood', 'Laminate', 'Vinyl']",Wood,New York,"['One Level', 'Two Level', 'Split Level', 'Three or More Level', 'Multi Level']",1087,47787,21,1,,1960,40901-4398,True,Schambergerville,34.180852,4,False,360450,63,0,0,1,0,0
953,Residential,3,Stoltenbergton,233,"['Hardwood', 'Laminate', 'Vinyl', 'Tiles', 'Cork']","Electric,Boiler",New York,"['One Level', 'Two Level']",642,700694,8,1,,2003,47798,True,Jalonfurt,33.931053,2,True,868294,20,1,0,0,0,1
968,Residential,4,Pricemouth,303,"['Hardwood', 'Laminate', 'Vinyl', 'Tiles']","Electric,Forced Air",New York,"['One Level', 'Two Level', 'Split Level', 'Three or More Level', 'Multi Level']",1691,559661,8,2,"#55 8 Kyra Plaza Spring, Pricemouth, Idaho 78075",1944,78075,True,East Nakia,33.719263,1,True,873847,79,1,1,0,0,0
1160,Residential,3,South Tannerside,295,['Hardwood'],"Electric,Wood,Heat Pump",New York,"['One Level', 'Two Level']",1248,281905,3,2,,2013,34590,True,Lake Adeliaburgh,34.628634,2,False,158598,10,1,0,1,1,0
1219,Residential,2,East Vidalville,304,"['Hardwood', 'Laminate', 'Vinyl', 'Tiles']",Forced Air,New York,"['One Level', 'Two Level']",1449,155663,14,2,"#856 380 Murray Ranch Unions, East Vidalville, California 26840-9760",1993,26840-9760,True,North Serenaton,33.876268,1,True,988125,30,0,1,0,0,0
1510,Residential,2,Maurineport,186,"['Hardwood', 'Laminate', 'Vinyl', 'Tiles']","Forced Air,Electric",New York,"['One Level', 'Two Level', 'Split Level', 'Three or More Level', 'Multi Level']",1269,609789,19,1,,1990,96066,True,Jacobsbury,34.070117,3,False,282173,33,1,1,0,0,0
1529,Residential,4,Evertton,265,"['Hardwood', 'Laminate']",Forced Air,New York,"['One Level', 'Two Level']",612,880306,11,1,,1944,73265,True,East Cora,34.131647,4,True,861424,79,0,1,0,0,0
1558,Residential,4,Whiteberg,37,"['Hardwood', 'Laminate', 'Vinyl', 'Tiles', 'Cork']","Heat Pump,Forced Air,Electric",New York,"['One Level', 'Two Level', 'Split Level', 'Three or More Level', 'Multi Level']",520,753189,13,2,,1949,22274,False,Edgarport,33.409941,4,False,759152,74,1,1,0,1,0
1590,Residential,3,Doylehaven,17,['Hardwood'],Forced Air,New York,"['One Level', 'Two Level', 'Split Level', 'Three or More Level', 'Multi Level']",1189,981345,19,1,,2002,32519-1201,False,Ricemouth,34.11261,4,False,806326,21,0,1,0,0,0
1605,Residential,1,New Adeleberg,299,"['Hardwood', 'Laminate', 'Vinyl', 'Tiles']",Heat Pump,New York,"['One Level', 'Two Level', 'Split Level', 'Three or More Level']",572,840399,6,1,,1964,25274-1300,True,South Merle,34.456515,1,False,246141,59,0,0,0,1,0
1644,Residential,2,Santiagochester,273,"['Hardwood', 'Laminate', 'Vinyl', 'Tiles', 'Cork']","Heat Pump,Electric",New York,"['One Level', 'Two Level']",1455,902026,24,2,,1979,32188-4439,True,South Evanschester,34.193505,1,False,739660,44,1,0,0,1,0
1723,Residential,2,Mrazfort,299,"['Hardwood', 'Laminate', 'Vinyl', 'Tiles']","Forced Air,Heat Pump,Wood",New York,"['One Level', 'Two Level', 'Split Level', 'Three or More Level', 'Multi Level']",884,155120,21,2,,1960,42129-5276,False,North Horaceview,34.426922,2,True,501812,63,0,1,1,1,0
1778,Residential,1,West Xavierport,152,"['Hardwood', 'Laminate']","Boiler,Wood",New York,['One Level'],1707,449795,3,2,"#989 261 Mathilde Lane Meadow, West Xavierport, Rhode Island 35665",2011,35665,True,Jaquelinfort,34.196597,3,False,767941,12,0,0,1,0,1
2117,Residential,1,Klingmouth,321,"['Hardwood', 'Laminate', 'Vinyl', 'Tiles', 'Cork', 'Rugs']",Electric,New York,"['One Level', 'Two Level', 'Split Level', 'Three or More Level']",1173,669072,7,2,,1948,14004,True,New Katherinefort,34.339985,1,True,922246,75,1,0,0,0,0
2391,Residential,4,West Darionport,12,"['Hardwood', 'Laminate', 'Vinyl']","Forced Air,Boiler,Heat Pump",New York,"['One Level', 'Two Level']",1921,806479,1,1,"#879 197 Velva View Unions, West Darionport, Montana 62949-6036",1964,62949-6036,False,Littelport,34.303613,2,True,878926,59,0,1,0,1,1
2487,Residential,1,Abigayleborough,275,['Hardwood'],"Wood,Electric",New York,['One Level'],1455,530828,18,2,"#364 93 Bradtke Island Alley, Abigayleborough, South Carolina 41460-2503",1995,41460-2503,False,West Violet,34.110711,4,True,416212,28,1,0,1,0,0
2504,Residential,3,East Jeanieborough,280,"['Hardwood', 'Laminate', 'Vinyl', 'Tiles']",Wood,New York,"['One Level', 'Two Level', 'Split Level', 'Three or More Level', 'Multi Level']",509,295024,21,2,,1992,52711-5182,False,Sauerborough,33.960465,1,False,570066,31,0,0,1,0,0
2603,Residential,1,Port Ashlyshire,231,['Hardwood'],"Boiler,Forced Air",New York,"['One Level', 'Two Level', 'Split Level', 'Three or More Level']",764,101066,19,1,,2006,39704,False,Port Isaacton,33.221625,1,False,673312,17,0,1,0,0,1
2707,Residential,2,Lake Belle,203,"['Hardwood', 'Laminate', 'Vinyl', 'Tiles']","Heat Pump,Wood,Forced Air",New York,"['One Level', 'Two Level']",1289,190487,16,2,,1944,67305,False,Lake Freddiestad,33.804576,4,True,467250,79,0,1,1,1,0
2743,Residential,4,Lake Geoffreymouth,288,['Hardwood'],"Heat Pump,Boiler,Electric",New York,['One Level'],1207,69455,19,2,"#257 465 Quincy Cove Flat, Lake Geoffreymouth, Vermont 49066-6048",1976,49066-6048,True,Port Magdalena,33.831542,4,True,323873,47,1,0,0,1,1
2774,Residential,2,Huelsfurt,309,"['Hardwood', 'Laminate', 'Vinyl', 'Tiles', 'Cork', 'Rugs']",Forced Air,New York,"['One Level', 'Two Level']",1669,840877,14,2,"#775 297 Anderson Unions Crescent, Huelsfurt, Louisiana 99811",1942,99811,True,Ernserfort,33.67612,4,False,434550,81,0,1,0,0,0
2788,Residential,3,MacGyverview,312,"['Hardwood', 'Laminate', 'Vinyl', 'Tiles', 'Cork']","Boiler,Wood,Electric",New York,"['One Level', 'Two Level', 'Split Level', 'Three or More Level']",1109,195178,2,2,"#788 404 Schneider Ranch Ford, MacGyverview, Oregon 33553-4519",1943,33553-4519,True,Ornport,34.362495,3,False,755222,80,1,0,1,0,1
2942,Residential,2,Lake Jessieside,300,"['Hardwood', 'Laminate', 'Vinyl', 'Tiles', 'Cork', 'Rugs']",Heat Pump,New York,['One Level'],884,775129,21,1,"#20 423 Alana Meadows Mill, Lake Jessieside, Georgia 64356-1267",1989,64356-1267,True,Danielton,33.529585,3,True,191799,34,0,0,0,1,0
2944,Residential,2,West Amieshire,359,"['Hardwood', 'Laminate', 'Vinyl']",Wood,New York,"['One Level', 'Two Level', 'Split Level', 'Three or More Level']",1601,721740,7,2,"#336 347 Borer Roads Village, West Amieshire, Oklahoma 16445",1943,16445,True,Ramontown,33.9424,4,True,251185,80,0,0,1,0,0
3173,Residential,3,Port Nicholausborough,331,"['Hardwood', 'Laminate']",Heat Pump,New York,"['One Level', 'Two Level', 'Split Level', 'Three or More Level']",1930,747727,11,1,,2009,87779-0853,True,Mayerborough,33.567875,2,False,287041,14,0,0,0,1,0
3224,Residential,3,Lebsackchester,212,"['Hardwood', 'Laminate', 'Vinyl']","Wood,Heat Pump",New York,['One Level'],1334,496217,4,2,,1999,18270,False,Leetown,34.150204,3,False,460755,24,0,0,1,1,0
3383,Residential,3,Wymanport,176,"['Hardwood', 'Laminate', 'Vinyl']",Electric,New York,"['One Level', 'Two Level', 'Split Level', 'Three or More Level']",517,857851,2,2,,1985,61694-9499,False,East Kameron,33.592098,2,True,157062,38,1,0,0,0,0
3433,Residential,1,North Leilaland,60,"['Hardwood', 'Laminate', 'Vinyl', 'Tiles']",Forced Air,New York,"['One Level', 'Two Level', 'Split Level']",1578,866082,8,1,"#74 273 Janick Inlet Centers, North Leilaland, Oklahoma 81654",1953,81654,False,Wilhelmshire,33.827865,1,False,869761,70,0,1,0,0,0
3485,Residential,3,Kieraburgh,48,['Hardwood'],Electric,New York,"['One Level', 'Two Level', 'Split Level', 'Three or More Level', 'Multi Level']",657,120988,12,2,"#678 484 Collins Summit Station, Kieraburgh, Minnesota 97717",2006,97717,True,North Roderickside,33.722124,1,True,683787,17,1,0,0,0,0
3495,Residential,1,Lake Tillmanburgh,360,"['Hardwood', 'Laminate', 'Vinyl', 'Tiles']",Electric,New York,"['One Level', 'Two Level', 'Split Level']",1672,111944,6,2,,1966,23539,True,Llewellynton,34.175968,2,False,903548,57,1,0,0,0,0
3524,Residential,2,Queenieville,98,"['Hardwood', 'Laminate', 'Vinyl', 'Tiles']",Boiler,New York,"['One Level', 'Two Level', 'Split Level', 'Three or More Level', 'Multi Level']",1850,671052,15,2,"#346 382 Weber Mall Manor, Queenieville, Idaho 34592",1959,34592,True,New Lydiamouth,33.985691,3,True,402122,64,0,0,0,0,1
3577,Residential,3,East Elisha,54,"['Hardwood', 'Laminate', 'Vinyl', 'Tiles', 'Cork']",Heat Pump,New York,"['One Level', 'Two Level', 'Split Level', 'Three or More Level', 'Multi Level']",1682,127011,21,2,"#935 422 Laura Estates Shoals, East Elisha, California 67457",1950,67457,True,Lowemouth,34.03007,2,True,755157,73,0,0,0,1,0
3879,Residential,4,West Jazlyn,316,"['Hardwood', 'Laminate', 'Vinyl', 'Tiles']",Electric,New York,"['One Level', 'Two Level', 'Split Level']",985,68822,8,1,,1974,15337-4076,True,Walkerburgh,33.928009,3,False,782928,49,1,0,0,0,0
3895,Residential,4,East Donna,216,"['Hardwood', 'Laminate']",Wood,New York,"['One Level', 'Two Level', 'Split Level']",963,344372,9,2,,1949,61139,False,West Berta,33.67389,4,False,895067,74,0,0,1,0,0
3973,Residential,1,Vincenzoton,192,"['Hardwood', 'Laminate']","Electric,Forced Air,Heat Pump",New York,"['One Level', 'Two Level', 'Split Level', 'Three or More Level', 'Multi Level']",1024,287120,15,2,"#73 250 Colleen Stravenue Estates, Vincenzoton, Oklahoma 66930",1981,66930,False,Rodriguezville,34.043579,2,False,750056,42,1,1,0,1,0
4072,Residential,4,West Arifort,281,"['Hardwood', 'Laminate', 'Vinyl', 'Tiles', 'Cork', 'Rugs']",Forced Air,New York,"['One Level', 'Two Level', 'Split Level', 'Three or More Level']",1435,713719,13,2,,1956,34165-3102,True,South Pasqualeshire,34.253309,3,False,526887,67,0,1,0,0,0
4193,Residential,4,New Dolores,242,"['Hardwood', 'Laminate', 'Vinyl', 'Tiles', 'Cork']","Boiler,Forced Air,Wood",New York,"['One Level', 'Two Level', 'Split Level']",1523,246242,17,2,,1983,27633-8714,True,North Peggieton,34.03819,2,True,531725,40,0,1,1,0,1
4196,Residential,4,Bashirianport,331,"['Hardwood', 'Laminate', 'Vinyl', 'Tiles', 'Cork', 'Rugs']","Electric,Forced Air,Heat Pump",New York,"['One Level', 'Two Level', 'Split Level', 'Three or More Level', 'Multi Level']",844,841696,16,1,,1949,82242-9505,True,East Joshbury,34.007654,4,False,211251,74,1,1,0,1,0
4268,Residential,4,North Salma,276,"['Hardwood', 'Laminate', 'Vinyl', 'Tiles', 'Cork']","Forced Air,Boiler,Electric",New York,"['One Level', 'Two Level', 'Split Level', 'Three or More Level']",896,395707,14,1,"#67 87 Howell Grove River, North Salma, Arizona 48722-8854",2005,48722-8854,True,Gloverborough,34.068602,4,False,468500,18,1,1,0,0,1
4338,Residential,3,Urielberg,68,"['Hardwood', 'Laminate']",Wood,New York,"['One Level', 'Two Level', 'Split Level']",1766,281629,17,1,"#128 210 Aryanna Road Village, Urielberg, North Carolina 83747-3001",2012,83747-3001,False,East Clare,33.936877,2,True,187430,11,0,0,1,0,0
4392,Residential,1,Ignatiuston,345,['Hardwood'],"Wood,Boiler,Forced Air",New York,"['One Level', 'Two Level', 'Split Level', 'Three or More Level']",1881,545283,16,1,,2002,98668-7892,True,North Halle,34.046755,2,False,718295,21,0,1,1,0,1
4441,Residential,4,Port Serenity,178,"['Hardwood', 'Laminate', 'Vinyl', 'Tiles', 'Cork']","Forced Air,Electric",New York,['One Level'],915,346277,21,2,"#449 107 McKenzie Brooks Plaza, Port Serenity, Montana 74888-6754",1958,74888-6754,False,New Mariane,33.844041,3,False,557264,65,1,1,0,0,0
4444,Residential,3,Port Pattiefurt,157,"['Hardwood', 'Laminate', 'Vinyl', 'Tiles']",Wood,New York,"['One Level', 'Two Level', 'Split Level', 'Three or More Level']",1909,91557,2,1,"#412 69 Waters Ferry Station, Port Pattiefurt, Ohio 30248-5320",1957,30248-5320,False,South Murl,34.097799,1,False,749530,66,0,0,1,0,0
4447,Residential,4,West Jaleel,57,['Hardwood'],"Electric,Boiler",New York,"['One Level', 'Two Level', 'Split Level']",624,911876,11,2,,1955,13956-8822,False,South Arnoville,33.744111,3,True,765931,68,1,0,0,0,1
4455,Residential,1,Paucekhaven,65,"['Hardwood', 'Laminate']","Electric,Forced Air,Boiler",New York,['One Level'],1298,938311,7,1,,2010,93285-2185,False,Port Erika,34.364177,2,True,401607,13,1,1,0,0,1
4470,Residential,4,Heathcoteview,227,"['Hardwood', 'Laminate', 'Vinyl', 'Tiles', 'Cork', 'Rugs']","Boiler,Wood,Heat Pump",New York,"['One Level', 'Two Level']",1670,751503,14,2,,1978,25172,True,South Dakota,33.989492,2,True,631476,45,0,0,1,1,1
4528,Residential,3,Rosenbaumtown,212,"['Hardwood', 'Laminate']",Electric,New York,['One Level'],1988,338957,14,2,,1981,54643-2860,False,Lynnville,33.612477,3,False,658139,42,1,0,0,0,0
4542,Residential,3,Satterfieldtown,218,"['Hardwood', 'Laminate', 'Vinyl', 'Tiles', 'Cork', 'Rugs']",Wood,New York,"['One Level', 'Two Level', 'Split Level', 'Three or More Level', 'Multi Level']",1702,633586,11,2,,2001,74092-2373,False,Mollyburgh,33.817724,3,False,154667,22,0,0,1,0,0
4557,Residential,2,South Ellsworthport,21,"['Hardwood', 'Laminate']","Forced Air,Boiler",New York,['One Level'],1601,240362,9,1,"#790 330 Bosco Estate Mount, South Ellsworthport, Indiana 35351-6861",1976,35351-6861,True,South Jadynside,33.308667,3,True,807740,47,0,1,0,0,1
4609,Residential,3,North Diego,68,['Hardwood'],Wood,New York,"['One Level', 'Two Level', 'Split Level']",1367,212922,3,2,,1995,15368,True,Margaritaborough,34.1379,2,True,581874,28,0,0,1,0,0
4776,Residential,1,Webershire,300,"['Hardwood', 'Laminate', 'Vinyl']","Boiler,Wood",New York,"['One Level', 'Two Level', 'Split Level', 'Three or More Level']",1676,272609,20,2,,1956,63240-4564,True,Cassinburgh,34.278156,1,False,212078,67,0,0,1,0,1
4870,Residential,3,Imahaven,358,['Hardwood'],Forced Air,New York,"['One Level', 'Two Level']",1960,293616,10,2,"#311 489 Kris Isle Center, Imahaven, Nebraska 19700-0215",1956,19700-0215,False,New Javier,34.383058,4,False,208087,67,0,1,0,0,0
4920,Residential,2,Mathewfort,57,['Hardwood'],"Forced Air,Wood,Heat Pump",New York,"['One Level', 'Two Level', 'Split Level', 'Three or More Level', 'Multi Level']",1267,965809,9,1,"#225 163 Effertz Springs Club, Mathewfort, Vermont 64918",1962,64918,True,South Dewittborough,33.829035,1,False,426371,61,0,1,1,1,0
4968,Residential,1,Rafaelamouth,297,"['Hardwood', 'Laminate', 'Vinyl', 'Tiles']",Heat Pump,New York,"['One Level', 'Two Level', 'Split Level', 'Three or More Level', 'Multi Level']",1802,643368,14,1,,1943,14688-7441,False,Stiedemanntown,33.800303,3,False,745241,80,0,0,0,1,0
5068,Residential,1,West Aubreefort,169,['Hardwood'],"Heat Pump,Electric",New York,"['One Level', 'Two Level', 'Split Level']",1990,473276,9,1,,1947,79384-1308,False,Mozellshire,33.722786,4,True,111571,76,1,0,0,1,0
5279,Residential,1,New Gertrude,61,"['Hardwood', 'Laminate']","Heat Pump,Forced Air",New York,"['One Level', 'Two Level']",639,214082,18,1,,1942,46226-2923,False,North Guidoburgh,33.091646,4,False,534173,81,0,1,0,1,0
5378,Residential,3,Juliomouth,338,"['Hardwood', 'Laminate', 'Vinyl', 'Tiles', 'Cork']","Heat Pump,Forced Air",New York,"['One Level', 'Two Level', 'Split Level']",1615,459387,12,2,,1949,98814-6197,True,Zariaview,34.374301,1,True,976634,74,0,1,0,1,0
5560,Residential,4,Corwinborough,110,['Hardwood'],"Forced Air,Boiler,Heat Pump",New York,"['One Level', 'Two Level', 'Split Level']",1009,234721,8,1,,1942,89646-7293,False,Port Cassandra,33.371168,1,False,249881,81,0,1,0,1,1
5604,Residential,3,North Kristintown,35,"['Hardwood', 'Laminate', 'Vinyl', 'Tiles', 'Cork', 'Rugs']","Forced Air,Wood,Heat Pump",New York,"['One Level', 'Two Level']",688,898415,3,2,,1976,80262,True,Matteofort,34.07317,3,False,344005,47,0,1,1,1,0
5620,Residential,4,Port Quintonburgh,362,['Hardwood'],Heat Pump,New York,"['One Level', 'Two Level']",1644,926504,3,2,"#419 13 Lisa Knolls Fork, Port Quintonburgh, Maine 98103-2958",2006,98103-2958,False,Bergnaumchester,34.054082,2,False,195423,17,0,0,0,1,0
5735,Residential,1,Spinkaville,310,"['Hardwood', 'Laminate']",Forced Air,New York,"['One Level', 'Two Level', 'Split Level']",932,723013,12,1,"#655 293 Sipes Creek Ways, Spinkaville, New Hampshire 11455",1963,11455,False,Annettastad,34.002451,4,False,617956,60,0,1,0,0,0
5792,Residential,3,Port Leda,39,"['Hardwood', 'Laminate', 'Vinyl', 'Tiles', 'Cork']",Heat Pump,New York,"['One Level', 'Two Level', 'Split Level', 'Three or More Level', 'Multi Level']",856,963148,19,1,"#588 225 White Flat Lane, Port Leda, Delaware 25639-2639",1960,25639-2639,True,Lake Estrellachester,33.330891,2,True,744465,63,0,0,0,1,0
5880,Residential,2,North Lenna,261,"['Hardwood', 'Laminate', 'Vinyl']","Heat Pump,Wood",New York,"['One Level', 'Two Level', 'Split Level', 'Three or More Level', 'Multi Level']",1052,89342,14,2,,1964,35392-7828,True,West Bentonchester,34.231312,4,False,469963,59,0,0,1,1,0
5924,Residential,2,Julienburgh,78,"['Hardwood', 'Laminate', 'Vinyl']","Electric,Boiler,Forced Air",New York,"['One Level', 'Two Level', 'Split Level', 'Three or More Level', 'Multi Level']",1560,604998,13,1,"#786 362 Greenfelder Oval Ford, Julienburgh, South Dakota 42978",1996,42978,True,Port Howell,33.641409,1,False,702944,27,1,1,0,0,1
5968,Residential,3,Kubport,112,"['Hardwood', 'Laminate', 'Vinyl', 'Tiles', 'Cork']","Boiler,Heat Pump",New York,"['One Level', 'Two Level', 'Split Level', 'Three or More Level']",1405,140190,23,2,,1949,34962-1068,True,Lake Jena,34.325481,3,False,189512,74,0,0,0,1,1
6062,Residential,3,Port Howellton,304,['Hardwood'],"Boiler,Electric,Heat Pump",New York,"['One Level', 'Two Level']",849,199508,1,1,,1964,12230,False,Wardshire,34.454559,3,False,933764,59,1,0,0,1,1
6076,Residential,2,Port Stefanie,4,"['Hardwood', 'Laminate', 'Vinyl', 'Tiles']",Wood,New York,"['One Level', 'Two Level', 'Split Level', 'Three or More Level', 'Multi Level']",1997,199529,1,1,"#47 108 Berge Ridge Stravenue, Port Stefanie, Hawaii 32608-6207",2001,32608-6207,True,Lake Zackerybury,34.374558,4,False,360190,22,0,0,1,0,0
6081,Residential,1,New Shawn,204,"['Hardwood', 'Laminate', 'Vinyl', 'Tiles', 'Cork', 'Rugs']","Boiler,Electric,Wood",New York,['One Level'],1135,398356,14,1,"#80 50 MacGyver Camp Path, New Shawn, West Virginia 21534",1972,21534,False,Cummingsfort,33.698067,2,True,255941,51,1,0,1,0,1
6213,Residential,3,Lake Jorge,185,"['Hardwood', 'Laminate', 'Vinyl', 'Tiles']","Heat Pump,Wood",New York,"['One Level', 'Two Level']",1576,757574,7,2,,2002,29334,False,Paucekberg,34.002989,1,True,696637,21,0,0,1,1,0
6259,Residential,3,Lednerstad,259,"['Hardwood', 'Laminate', 'Vinyl', 'Tiles', 'Cork']","Electric,Forced Air,Wood",New York,"['One Level', 'Two Level', 'Split Level']",1273,265400,5,1,,2009,70821,False,South Earleneview,33.998684,3,True,834023,14,1,1,1,0,0
6274,Residential,1,North Rodrickshire,299,"['Hardwood', 'Laminate', 'Vinyl', 'Tiles', 'Cork']","Heat Pump,Boiler",New York,"['One Level', 'Two Level', 'Split Level', 'Three or More Level']",1846,151743,12,1,"#63 470 Torp Burgs Camp, North Rodrickshire, Washington 35415-4650",1992,35415-4650,False,Joannehaven,33.593773,4,False,760996,31,0,0,0,1,1
6302,Residential,4,West Noeliastad,363,"['Hardwood', 'Laminate', 'Vinyl', 'Tiles', 'Cork', 'Rugs']",Boiler,New York,"['One Level', 'Two Level']",1411,407126,3,2,"#994 407 Wade Falls Cape, West Noeliastad, Pennsylvania 45819-8803",1967,45819-8803,False,Rodrigueztown,34.255444,1,True,316955,56,0,0,0,0,1
6329,Residential,3,Murieltown,260,"['Hardwood', 'Laminate', 'Vinyl', 'Tiles', 'Cork']","Boiler,Forced Air",New York,"['One Level', 'Two Level', 'Split Level']",1615,532584,22,2,,1981,91310,False,Wardtown,34.152535,1,False,221038,42,0,1,0,0,1
6394,Residential,2,New Kevon,264,"['Hardwood', 'Laminate', 'Vinyl', 'Tiles', 'Cork']",Wood,New York,"['One Level', 'Two Level']",1599,477269,24,1,,1986,44615,True,West Maeve,33.843549,3,True,364611,37,0,0,1,0,0
6478,Residential,1,Nyachester,265,['Hardwood'],"Forced Air,Heat Pump",New York,['One Level'],1812,279482,2,1,,1976,70737,True,Josephineberg,34.165507,4,True,156241,47,0,1,0,1,0
6522,Residential,2,Bodeland,140,['Hardwood'],"Wood,Electric,Boiler",New York,"['One Level', 'Two Level', 'Split Level', 'Three or More Level', 'Multi Level']",1612,656487,15,2,"#634 52 Jose Heights Extensions, Bodeland, New Hampshire 36500-2400",2010,36500-2400,False,North Hudsonfort,33.322708,2,False,507553,13,1,0,1,0,1
6533,Residential,4,Gerlachshire,122,"['Hardwood', 'Laminate', 'Vinyl']",Boiler,New York,['One Level'],900,126962,23,1,"#526 383 Sterling Landing Springs, Gerlachshire, Alaska 39749-4516",1982,39749-4516,True,Joesphfort,34.406338,4,False,331847,41,0,0,0,0,1
6579,Residential,1,Madisonville,240,"['Hardwood', 'Laminate', 'Vinyl', 'Tiles', 'Cork', 'Rugs']","Heat Pump,Electric,Boiler",New York,"['One Level', 'Two Level', 'Split Level', 'Three or More Level', 'Multi Level']",544,551988,10,2,"#440 149 Huel Well Well, Madisonville, Kentucky 97909",2008,97909,False,North Brennabury,34.367014,2,True,318258,15,1,0,0,1,1
6769,Residential,4,Lake Devin,344,"['Hardwood', 'Laminate', 'Vinyl']","Electric,Forced Air",New York,"['One Level', 'Two Level']",1070,374289,13,1,,1986,92920-8203,True,Paucekshire,33.725943,4,True,915334,37,1,1,0,0,0
6823,Residential,1,Gerardborough,10,"['Hardwood', 'Laminate', 'Vinyl']","Wood,Electric,Heat Pump",New York,"['One Level', 'Two Level']",733,597138,3,2,"#703 95 Hardy Plains Summit, Gerardborough, Arkansas 12517",1971,12517,False,East Joeside,33.92027,1,False,528611,52,1,0,1,1,0
6877,Residential,1,Port Neva,317,['Hardwood'],Wood,New York,['One Level'],947,321919,13,2,"#965 24 Freda Bridge Estate, Port Neva, Ohio 76163-7312",1965,76163-7312,False,South Rebeccafort,33.96192,2,False,222839,58,0,0,1,0,0
7005,Residential,1,Haileyborough,357,"['Hardwood', 'Laminate']","Heat Pump,Electric,Forced Air",New York,"['One Level', 'Two Level', 'Split Level']",1775,777462,24,1,"#475 44 Breitenberg Parkway Lakes, Haileyborough, Illinois 57515-2094",1977,57515-2094,False,Baileyside,33.632021,1,True,481327,46,1,1,0,1,0
7018,Residential,3,Schmelerland,22,"['Hardwood', 'Laminate', 'Vinyl', 'Tiles', 'Cork', 'Rugs']","Heat Pump,Forced Air",New York,['One Level'],1820,814324,11,1,"#962 378 Holly Vista Centers, Schmelerland, Wyoming 48298-5374",1994,48298-5374,False,Zboncakchester,33.705975,2,True,604405,29,0,1,0,1,0
7104,Residential,3,Idellahaven,264,"['Hardwood', 'Laminate', 'Vinyl']","Boiler,Heat Pump,Wood",New York,"['One Level', 'Two Level', 'Split Level']",524,121597,15,1,"#106 493 Leonardo Inlet Station, Idellahaven, Maryland 27209",2000,27209,False,South Noble,33.732949,2,True,466184,23,0,0,1,1,1
7218,Residential,2,Thielchester,114,"['Hardwood', 'Laminate', 'Vinyl', 'Tiles']","Wood,Electric,Heat Pump",New York,"['One Level', 'Two Level']",1983,884930,9,2,,2007,44190-6469,False,Lehnerbury,33.96562,4,False,168855,16,1,0,1,1,0
7232,Residential,2,West Stewart,230,"['Hardwood', 'Laminate']","Wood,Heat Pump,Electric",New York,"['One Level', 'Two Level', 'Split Level', 'Three or More Level', 'Multi Level']",910,535871,14,2,"#869 24 Sigrid Ways Oval, West Stewart, North Dakota 49072-0305",1989,49072-0305,True,East Arnehaven,34.589961,1,True,274368,34,1,0,1,1,0
7275,Residential,1,Eldafurt,276,['Hardwood'],"Forced Air,Heat Pump,Wood",New York,"['One Level', 'Two Level', 'Split Level', 'Three or More Level']",780,722659,14,1,,1969,85036-2092,False,Marquardtstad,33.552856,4,False,187950,54,0,1,1,1,0
7304,Residential,3,Pollichport,347,"['Hardwood', 'Laminate', 'Vinyl', 'Tiles']","Electric,Forced Air",New York,['One Level'],1936,716713,8,1,"#793 342 Macy Valleys Village, Pollichport, Hawaii 14815-5265",1973,14815-5265,False,Lynchport,34.072454,2,True,447062,50,1,1,0,0,0
7450,Residential,3,Laviniastad,210,['Hardwood'],"Wood,Heat Pump",New York,['One Level'],1673,443990,6,2,"#211 399 Bennett Roads Wells, Laviniastad, Colorado 78236-3924",1989,78236-3924,False,Colebury,34.032111,4,False,175917,34,0,0,1,1,0
7501,Residential,3,New Granville,155,"['Hardwood', 'Laminate', 'Vinyl']","Boiler,Heat Pump",New York,"['One Level', 'Two Level', 'Split Level', 'Three or More Level', 'Multi Level']",520,264361,22,1,"#763 431 Vandervort Parkways Trace, New Granville, Kentucky 81233",1957,81233,False,Port Allan,34.317422,3,False,444379,66,0,0,0,1,1
7542,Residential,4,North Joaniestad,173,"['Hardwood', 'Laminate', 'Vinyl', 'Tiles']","Forced Air,Boiler",New York,['One Level'],1185,270545,18,2,,1944,96973-6754,True,Jaquelinton,33.751898,3,True,991653,79,0,1,0,0,1
7583,Residential,4,Lake Alexandriaton,71,"['Hardwood', 'Laminate', 'Vinyl']","Wood,Electric,Heat Pump",New York,['One Level'],1284,973318,13,1,"#599 369 Stamm Land Tunnel, Lake Alexandriaton, Delaware 10719-4097",1999,10719-4097,False,Leilabury,33.402317,2,False,110725,24,1,0,1,1,0
7600,Residential,3,Cummerataport,356,"['Hardwood', 'Laminate', 'Vinyl', 'Tiles', 'Cork', 'Rugs']","Boiler,Electric,Forced Air",New York,"['One Level', 'Two Level', 'Split Level', 'Three or More Level']",723,511448,2,2,,1999,35254-6264,False,Lake Macview,34.105874,4,True,238747,24,1,1,0,0,1
7630,Residential,2,Port Kelleystad,236,"['Hardwood', 'Laminate', 'Vinyl', 'Tiles', 'Cork']","Heat Pump,Boiler,Wood",New York,"['One Level', 'Two Level', 'Split Level', 'Three or More Level', 'Multi Level']",1669,68282,20,2,,1979,69740-1518,False,West Nicolas,33.995852,2,False,735364,44,0,0,1,1,1
7669,Residential,1,New Javonteshire,361,"['Hardwood', 'Laminate']","Electric,Forced Air,Heat Pump",New York,"['One Level', 'Two Level']",1513,366977,11,1,,1956,98565,True,East Shaynashire,34.289755,4,False,729764,67,1,1,0,1,0
7684,Residential,4,Christown,15,"['Hardwood', 'Laminate', 'Vinyl', 'Tiles', 'Cork', 'Rugs']","Wood,Electric",New York,"['One Level', 'Two Level']",988,837439,11,1,,1966,65550-6409,True,Ellisville,33.710476,3,True,803982,57,1,0,1,0,0
7689,Residential,3,West Armando,55,"['Hardwood', 'Laminate', 'Vinyl', 'Tiles']","Wood,Boiler,Forced Air",New York,"['One Level', 'Two Level']",1312,869078,17,1,,1945,98231,False,North Thora,34.481723,4,False,871768,78,0,1,1,0,1
7824,Residential,1,Ryanberg,170,['Hardwood'],Heat Pump,New York,"['One Level', 'Two Level', 'Split Level', 'Three or More Level', 'Multi Level']",531,712926,17,2,"#893 113 Dach Mews Route, Ryanberg, Montana 20176-2243",1978,20176-2243,False,Jadamouth,34.27534,4,False,722526,45,0,0,0,1,0
7914,Residential,3,Port Karinatown,180,"['Hardwood', 'Laminate', 'Vinyl', 'Tiles']","Wood,Forced Air",New York,"['One Level', 'Two Level', 'Split Level', 'Three or More Level', 'Multi Level']",541,509841,16,1,,2004,56006-7983,True,Alexaneville,33.873973,1,False,112732,19,0,1,1,0,0
7975,Residential,1,North Addison,110,"['Hardwood', 'Laminate', 'Vinyl']",Wood,New York,"['One Level', 'Two Level', 'Split Level']",537,422304,18,1,,1999,75586,True,South Cynthialand,34.212353,1,False,565238,24,0,0,1,0,0
8067,Residential,1,Brennonbury,99,"['Hardwood', 'Laminate', 'Vinyl', 'Tiles', 'Cork', 'Rugs']",Heat Pump,New York,"['One Level', 'Two Level', 'Split Level', 'Three or More Level']",1275,951899,1,1,,1991,11073,False,Kshlerinfort,33.836787,2,False,654600,32,0,0,0,1,0
8078,Residential,4,Francescobury,179,"['Hardwood', 'Laminate', 'Vinyl', 'Tiles', 'Cork', 'Rugs']","Boiler,Forced Air",New York,"['One Level', 'Two Level', 'Split Level', 'Three or More Level', 'Multi Level']",583,519266,13,2,,1968,67071-2862,True,Alizefurt,33.903654,1,True,420979,55,0,1,0,0,1
8176,Residential,2,West Don,47,"['Hardwood', 'Laminate', 'Vinyl', 'Tiles', 'Cork', 'Rugs']","Boiler,Forced Air,Electric",New York,"['One Level', 'Two Level']",1671,428546,6,2,,2002,43661,True,Strackehaven,34.065343,4,False,383838,21,1,1,0,0,1
8241,Residential,4,Audraberg,92,"['Hardwood', 'Laminate', 'Vinyl', 'Tiles']","Electric,Wood",New York,['One Level'],600,607136,9,2,,1967,44372-6072,True,Lemkemouth,33.982954,3,True,817015,56,1,0,1,0,0
8286,Residential,2,North Omarifurt,265,"['Hardwood', 'Laminate', 'Vinyl']","Wood,Electric,Boiler",New York,"['One Level', 'Two Level', 'Split Level']",1607,377538,7,1,,1961,47899-3450,False,East Kira,34.585128,4,True,903261,62,1,0,1,0,1
8519,Residential,1,Jacintheburgh,332,"['Hardwood', 'Laminate', 'Vinyl', 'Tiles']","Heat Pump,Boiler,Forced Air",New York,"['One Level', 'Two Level', 'Split Level']",659,693034,20,2,,1946,52467-6810,False,South Eleazarfort,33.767525,4,False,941070,77,0,1,0,1,1
8623,Residential,3,Grantchester,76,"['Hardwood', 'Laminate']","Forced Air,Electric",New York,['One Level'],849,159131,20,1,,1986,36343,False,Ludieton,33.604383,4,True,703081,37,1,1,0,0,0
8680,Residential,2,North Nadia,12,"['Hardwood', 'Laminate']","Forced Air,Boiler",New York,"['One Level', 'Two Level', 'Split Level']",1247,984505,24,1,,1950,75899-7780,True,North Jamel,34.082364,1,True,429811,73,0,1,0,0,1
8737,Residential,3,Michaelview,146,"['Hardwood', 'Laminate', 'Vinyl']","Electric,Heat Pump,Wood",New York,"['One Level', 'Two Level']",664,422027,12,1,"#838 138 Gutmann Passage View, Michaelview, Michigan 45119",1958,45119,False,West Nasirberg,33.953465,4,True,453645,65,1,0,1,1,0
8745,Residential,3,New Gloriaton,116,['Hardwood'],"Electric,Heat Pump",New York,"['One Level', 'Two Level', 'Split Level']",1271,993882,12,2,"#522 111 Madie Knoll Parks, New Gloriaton, Indiana 56253",1973,56253,True,New Leanne,33.91513,3,False,458666,50,1,0,0,1,0
8787,Residential,3,Port Enidberg,223,['Hardwood'],"Boiler,Forced Air,Wood",New York,"['One Level', 'Two Level', 'Split Level', 'Three or More Level']",1252,545612,10,1,,2001,54940-9906,True,New Nathanialside,34.2123,3,False,257163,22,0,1,1,0,1
9054,Residential,2,New Nelle,103,"['Hardwood', 'Laminate', 'Vinyl']","Forced Air,Boiler",New York,"['One Level', 'Two Level', 'Split Level']",1211,764250,19,1,,1960,28862-3020,False,Turnerside,33.745357,1,True,320543,63,0,1,0,0,1
9099,Residential,4,Howeview,240,['Hardwood'],"Heat Pump,Boiler,Forced Air",New York,"['One Level', 'Two Level', 'Split Level', 'Three or More Level']",1953,142150,10,1,,1949,80415,False,Cassinbury,33.345709,4,True,360048,74,0,1,0,1,1
9225,Residential,3,North Torey,62,"['Hardwood', 'Laminate', 'Vinyl', 'Tiles', 'Cork', 'Rugs']","Forced Air,Boiler",New York,"['One Level', 'Two Level', 'Split Level', 'Three or More Level', 'Multi Level']",1589,646436,13,1,,2011,74508,True,West Telly,33.721355,2,True,244796,12,0,1,0,0,1
9241,Residential,3,Viviennestad,339,"['Hardwood', 'Laminate', 'Vinyl', 'Tiles', 'Cork', 'Rugs']","Wood,Forced Air,Boiler",New York,['One Level'],1326,415621,16,2,,1950,50645-1784,True,Berthafurt,33.688343,2,False,481469,73,0,1,1,0,1
9454,Residential,3,East Judgeland,265,"['Hardwood', 'Laminate', 'Vinyl', 'Tiles', 'Cork', 'Rugs']",Electric,New York,"['One Level', 'Two Level']",547,842868,16,2,,2009,10416,False,Port Patsy,33.628689,3,False,491548,14,1,0,0,0,0
9533,Residential,2,Jacobston,167,"['Hardwood', 'Laminate', 'Vinyl', 'Tiles']","Electric,Wood",New York,"['One Level', 'Two Level', 'Split Level', 'Three or More Level']",1285,529228,12,2,"#5 93 Robert River Roads, Jacobston, Minnesota 93943-6583",1943,93943-6583,True,Lake Zarialand,34.483074,4,True,985527,80,1,0,1,0,0
9575,Residential,3,East Vernon,212,"['Hardwood', 'Laminate', 'Vinyl', 'Tiles', 'Cork']","Heat Pump,Forced Air",New York,"['One Level', 'Two Level', 'Split Level', 'Three or More Level', 'Multi Level']",1792,56685,18,2,"#317 81 Valentin Islands Points, East Vernon, Arkansas 12622-6558",1991,12622-6558,True,New Marquis,33.971323,4,False,562238,32,0,1,0,1,0
9593,Residential,1,West Margieborough,319,['Hardwood'],"Forced Air,Heat Pump,Electric",New York,"['One Level', 'Two Level']",818,659306,23,1,"#81 425 Janie Drives Oval, West Margieborough, Delaware 96032",1968,96032,False,North Waltonport,34.179364,3,True,497276,55,1,1,0,1,0
9620,Residential,2,Torphytown,42,"['Hardwood', 'Laminate', 'Vinyl', 'Tiles']",Boiler,New York,"['One Level', 'Two Level', 'Split Level']",671,920625,10,2,"#993 211 Fay Square Isle, Torphytown, Massachusetts 20116-3177",1946,20116-3177,False,South Kristinbury,34.120533,4,True,166703,77,0,0,0,0,1
9637,Residential,1,North Kaydenville,15,"['Hardwood', 'Laminate', 'Vinyl', 'Tiles', 'Cork', 'Rugs']","Wood,Boiler,Electric",New York,"['One Level', 'Two Level', 'Split Level']",721,704308,11,2,,1961,72858,False,New Reta,34.033214,4,False,568062,62,1,0,1,0,1
9648,Residential,4,North Demarcusburgh,217,"['Hardwood', 'Laminate', 'Vinyl', 'Tiles', 'Cork']","Boiler,Electric",New York,"['One Level', 'Two Level', 'Split Level', 'Three or More Level', 'Multi Level']",1819,415928,4,2,"#441 377 Vivian Hollow Isle, North Demarcusburgh, Massachusetts 95166-9890",1976,95166-9890,True,North Paxtonside,33.596916,3,True,869121,47,1,0,0,0,1
9665,Residential,4,East Carriestad,357,['Hardwood'],Forced Air,New York,"['One Level', 'Two Level']",1612,249023,3,2,,2012,64760-0818,True,West Axelmouth,33.892499,2,True,678840,11,0,1,0,0,0
9737,Residential,1,Port Rudyshire,269,"['Hardwood', 'Laminate']","Electric,Wood,Heat Pump",New York,"['One Level', 'Two Level', 'Split Level', 'Three or More Level', 'Multi Level']",1629,808778,1,2,,1947,95151-8985,False,West Audra,33.434128,1,True,519977,76,1,0,1,1,0
9802,Residential,3,East Ernahaven,183,"['Hardwood', 'Laminate', 'Vinyl', 'Tiles']",Boiler,New York,"['One Level', 'Two Level', 'Split Level', 'Three or More Level', 'Multi Level']",736,414325,14,2,"#843 236 Dan Pass Flat, East Ernahaven, West Virginia 52446-4045",1986,52446-4045,False,Berniermouth,34.150421,1,True,200242,37,0,0,0,0,1
9884,Residential,4,Osinskichester,175,"['Hardwood', 'Laminate', 'Vinyl', 'Tiles']","Forced Air,Wood,Boiler",New York,"['One Level', 'Two Level', 'Split Level']",1876,716864,3,1,,1946,39788,True,Dianafurt,33.622849,1,False,377925,77,0,1,1,0,1
9977,Residential,1,Bernadetteland,110,"['Hardwood', 'Laminate', 'Vinyl', 'Tiles', 'Cork']",Forced Air,New York,['One Level'],502,926866,6,1,,1950,76149,True,Port Leathachester,33.857514,1,False,745960,73,0,1,0,0,0
